{"requiredPlugins":[],"emotionTranslations":"[]","presetData":"{\"showListing\":false,\"templateId\":1,\"active\":false,\"name\":\"Home bottom\",\"position\":1,\"device\":\"0,1,2,3,4\",\"fullscreen\":1,\"isLandingPage\":0,\"seoTitle\":\"\",\"seoKeywords\":\"\",\"seoDescription\":\"\",\"rows\":7,\"cols\":3,\"cellSpacing\":0,\"cellHeight\":100,\"articleHeight\":2,\"mode\":\"fluid\",\"customerStreamIds\":null,\"replacement\":null,\"elements\":[{\"componentId\":\"emotion-components-html-element\",\"startRow\":1,\"startCol\":1,\"endRow\":1,\"endCol\":1,\"cssClass\":\"home-info-item\",\"viewports\":[{\"alias\":\"xs\",\"startRow\":2,\"startCol\":1,\"endRow\":3,\"endCol\":3,\"visible\":true},{\"alias\":\"s\",\"startRow\":2,\"startCol\":1,\"endRow\":3,\"endCol\":3,\"visible\":true},{\"alias\":\"m\",\"startRow\":2,\"startCol\":1,\"endRow\":3,\"endCol\":1,\"visible\":true},{\"alias\":\"l\",\"startRow\":2,\"startCol\":1,\"endRow\":3,\"endCol\":1,\"visible\":true},{\"alias\":\"xl\",\"startRow\":2,\"startCol\":1,\"endRow\":3,\"endCol\":1,\"visible\":true}],\"data\":[{\"componentId\":\"emotion-components-html-element\",\"fieldId\":\"text\",\"value\":\"<p style=\\\"text-align: center;\\\"><img id=\\\"tinymce-editor-image-d53a3151-ebcc-463a-a50a-d341aed4e774\\\" class=\\\"tinymce-editor-image tinymce-editor-image-d53a3151-ebcc-463a-a50a-d341aed4e774\\\" src=\\\"{media path='media\\\/vector\\\/versand-64x64.svg'}\\\" alt=\\\"box\\\" data-src=\\\"media\\\/vector\\\/versand-64x64.svg\\\"><\\\/p>\\n<p style=\\\"text-align: center;\\\"><strong>Gratis Lieferung<\\\/strong><\\\/p>\\n<p style=\\\"text-align: center;\\\">ab 100\\u20ac Bestellwert in DE<\\\/p>\",\"key\":\"text\",\"valueType\":\"\"},{\"componentId\":\"emotion-components-html-element\",\"fieldId\":\"cms_title\",\"value\":\"\",\"key\":\"cms_title\",\"valueType\":\"\"},{\"componentId\":\"emotion-components-html-element\",\"fieldId\":\"needsNoStyling\",\"value\":\"\",\"key\":\"needsNoStyling\",\"valueType\":\"\"}],\"syncKey\":\"preset-element-5f98247fcf4765.85478375\"},{\"componentId\":\"emotion-components-html-element\",\"startRow\":1,\"startCol\":1,\"endRow\":1,\"endCol\":1,\"cssClass\":\"home-info-item\",\"viewports\":[{\"alias\":\"xs\",\"startRow\":4,\"startCol\":1,\"endRow\":5,\"endCol\":3,\"visible\":true},{\"alias\":\"s\",\"startRow\":4,\"startCol\":1,\"endRow\":5,\"endCol\":3,\"visible\":true},{\"alias\":\"m\",\"startRow\":2,\"startCol\":2,\"endRow\":3,\"endCol\":2,\"visible\":true},{\"alias\":\"l\",\"startRow\":2,\"startCol\":2,\"endRow\":3,\"endCol\":2,\"visible\":true},{\"alias\":\"xl\",\"startRow\":2,\"startCol\":2,\"endRow\":3,\"endCol\":2,\"visible\":true}],\"data\":[{\"componentId\":\"emotion-components-html-element\",\"fieldId\":\"text\",\"value\":\"<p style=\\\"text-align: center;\\\"><img id=\\\"tinymce-editor-image-d53a3151-ebcc-463a-a50a-d341aed4e774\\\" class=\\\"tinymce-editor-image tinymce-editor-image-d53a3151-ebcc-463a-a50a-d341aed4e774\\\" src=\\\"{media path='media\\\/vector\\\/siegel-64x64.svg'}\\\" alt=\\\"box\\\" data-src=\\\"media\\\/vector\\\/siegel-64x64.svg\\\"><\\\/p>\\n<p style=\\\"text-align: center;\\\"><strong>Sicher Bezahlen<\\\/strong><\\\/p>\\n<p style=\\\"text-align: center;\\\">Sichere Zahlungsmethoden und <br> SSL-verschl\\u00fcsselte \\u00dcbertragung<\\\/p>\",\"key\":\"text\",\"valueType\":\"\"},{\"componentId\":\"emotion-components-html-element\",\"fieldId\":\"cms_title\",\"value\":\"\",\"key\":\"cms_title\",\"valueType\":\"\"},{\"componentId\":\"emotion-components-html-element\",\"fieldId\":\"needsNoStyling\",\"value\":\"\",\"key\":\"needsNoStyling\",\"valueType\":\"\"}],\"syncKey\":\"preset-element-5f98247fcf4864.59257544\"},{\"componentId\":\"emotion-components-html-element\",\"startRow\":1,\"startCol\":1,\"endRow\":1,\"endCol\":1,\"cssClass\":\"home-info-item\",\"viewports\":[{\"alias\":\"xs\",\"startRow\":6,\"startCol\":1,\"endRow\":7,\"endCol\":3,\"visible\":true},{\"alias\":\"s\",\"startRow\":6,\"startCol\":1,\"endRow\":7,\"endCol\":3,\"visible\":true},{\"alias\":\"m\",\"startRow\":2,\"startCol\":3,\"endRow\":3,\"endCol\":3,\"visible\":true},{\"alias\":\"l\",\"startRow\":2,\"startCol\":3,\"endRow\":3,\"endCol\":3,\"visible\":true},{\"alias\":\"xl\",\"startRow\":2,\"startCol\":3,\"endRow\":3,\"endCol\":3,\"visible\":true}],\"data\":[{\"componentId\":\"emotion-components-html-element\",\"fieldId\":\"text\",\"value\":\"<p style=\\\"text-align: center;\\\"><img id=\\\"tinymce-editor-image-2a23285d-1413-4a57-a7fe-117f15f53f21\\\" class=\\\"tinymce-editor-image tinymce-editor-image-2a23285d-1413-4a57-a7fe-117f15f53f21\\\" src=\\\"{media path='media\\\/vector\\\/clock-64x64.svg'}\\\" alt=\\\"box\\\" data-src=\\\"media\\\/vector\\\/clock-64x64.svg\\\"><\\\/p>\\n<p style=\\\"text-align: center;\\\"><strong>Schneller Versand<\\\/strong><\\\/p>\\n<p style=\\\"text-align: center;\\\">Bei Bestellung und Zahlung bis 14 Uhr,<br>Versand lieferbarer Produkte am selben Tag.<\\\/p>\",\"key\":\"text\",\"valueType\":\"\"},{\"componentId\":\"emotion-components-html-element\",\"fieldId\":\"cms_title\",\"value\":\"\",\"key\":\"cms_title\",\"valueType\":\"\"},{\"componentId\":\"emotion-components-html-element\",\"fieldId\":\"needsNoStyling\",\"value\":\"\",\"key\":\"needsNoStyling\",\"valueType\":\"\"}],\"syncKey\":\"preset-element-5f98247fcf4908.33679875\"},{\"componentId\":\"emotion-components-html-code\",\"startRow\":1,\"startCol\":1,\"endRow\":1,\"endCol\":1,\"cssClass\":\"home-info-items-title\",\"viewports\":[{\"alias\":\"xs\",\"startRow\":1,\"startCol\":1,\"endRow\":1,\"endCol\":3,\"visible\":true},{\"alias\":\"s\",\"startRow\":1,\"startCol\":1,\"endRow\":1,\"endCol\":3,\"visible\":true},{\"alias\":\"m\",\"startRow\":1,\"startCol\":1,\"endRow\":1,\"endCol\":3,\"visible\":true},{\"alias\":\"l\",\"startRow\":1,\"startCol\":1,\"endRow\":1,\"endCol\":3,\"visible\":true},{\"alias\":\"xl\",\"startRow\":1,\"startCol\":1,\"endRow\":1,\"endCol\":3,\"visible\":true}],\"data\":[{\"componentId\":\"emotion-components-html-code\",\"fieldId\":\"javascript\",\"value\":\"\",\"key\":\"javascript\",\"valueType\":\"\"},{\"componentId\":\"emotion-components-html-code\",\"fieldId\":\"smarty\",\"value\":\"<h3>Valondo Vorteil sichern!<\\\/h3>\",\"key\":\"smarty\",\"valueType\":\"\"}],\"syncKey\":\"preset-element-5f98247fcf49a2.24824749\"}],\"syncData\":{\"assets\":[]}}"}