{"requiredPlugins":[],"emotionTranslations":"[]","presetData":"{\"showListing\":false,\"templateId\":1,\"active\":false,\"name\":\"Startseite\",\"position\":1,\"device\":\"0,1,2,3,4\",\"fullscreen\":1,\"isLandingPage\":0,\"seoTitle\":\"\",\"seoKeywords\":\"\",\"seoDescription\":\"\",\"rows\":14,\"cols\":7,\"cellSpacing\":0,\"cellHeight\":50,\"articleHeight\":2,\"mode\":\"fluid\",\"customerStreamIds\":null,\"replacement\":null,\"elements\":[{\"componentId\":\"emotion-components-category-teaser\",\"startRow\":1,\"startCol\":1,\"endRow\":1,\"endCol\":1,\"cssClass\":\"\",\"viewports\":[{\"alias\":\"xs\",\"startRow\":1,\"startCol\":1,\"endRow\":1,\"endCol\":1,\"visible\":false},{\"alias\":\"s\",\"startRow\":1,\"startCol\":1,\"endRow\":1,\"endCol\":1,\"visible\":false},{\"alias\":\"m\",\"startRow\":1,\"startCol\":1,\"endRow\":1,\"endCol\":1,\"visible\":false},{\"alias\":\"l\",\"startRow\":1,\"startCol\":1,\"endRow\":1,\"endCol\":1,\"visible\":false},{\"alias\":\"xl\",\"startRow\":1,\"startCol\":1,\"endRow\":1,\"endCol\":1,\"visible\":false}],\"data\":[{\"componentId\":\"emotion-components-category-teaser\",\"fieldId\":\"image_type\",\"value\":\"selected_image\",\"key\":\"image_type\",\"valueType\":\"\"},{\"componentId\":\"emotion-components-category-teaser\",\"fieldId\":\"image\",\"value\":\"39059724f73a9969845dfe4146c5660e\",\"key\":\"image\",\"valueType\":\"\"},{\"componentId\":\"emotion-components-category-teaser\",\"fieldId\":\"category_selection\",\"value\":\"10\",\"key\":\"category_selection\",\"valueType\":\"\"},{\"componentId\":\"emotion-components-category-teaser\",\"fieldId\":\"blog_category\",\"value\":\"\",\"key\":\"blog_category\",\"valueType\":\"\"}],\"syncKey\":\"preset-element-5f982473a0ca52.29938217\"},{\"componentId\":\"emotion-components-category-teaser\",\"startRow\":1,\"startCol\":1,\"endRow\":1,\"endCol\":1,\"cssClass\":\"\",\"viewports\":[{\"alias\":\"xs\",\"startRow\":1,\"startCol\":1,\"endRow\":1,\"endCol\":1,\"visible\":false},{\"alias\":\"s\",\"startRow\":1,\"startCol\":1,\"endRow\":1,\"endCol\":1,\"visible\":false},{\"alias\":\"m\",\"startRow\":1,\"startCol\":1,\"endRow\":1,\"endCol\":1,\"visible\":false},{\"alias\":\"l\",\"startRow\":1,\"startCol\":1,\"endRow\":1,\"endCol\":1,\"visible\":false},{\"alias\":\"xl\",\"startRow\":1,\"startCol\":1,\"endRow\":1,\"endCol\":1,\"visible\":false}],\"data\":[{\"componentId\":\"emotion-components-category-teaser\",\"fieldId\":\"image_type\",\"value\":\"selected_image\",\"key\":\"image_type\",\"valueType\":\"\"},{\"componentId\":\"emotion-components-category-teaser\",\"fieldId\":\"image\",\"value\":\"7f100b7b36092fb9b06dfb4fac360931\",\"key\":\"image\",\"valueType\":\"\"},{\"componentId\":\"emotion-components-category-teaser\",\"fieldId\":\"category_selection\",\"value\":\"11\",\"key\":\"category_selection\",\"valueType\":\"\"},{\"componentId\":\"emotion-components-category-teaser\",\"fieldId\":\"blog_category\",\"value\":\"\",\"key\":\"blog_category\",\"valueType\":\"\"}],\"syncKey\":\"preset-element-5f982473a0cb76.69291061\"},{\"componentId\":\"emotion-components-category-teaser\",\"startRow\":1,\"startCol\":1,\"endRow\":1,\"endCol\":1,\"cssClass\":\"\",\"viewports\":[{\"alias\":\"xs\",\"startRow\":1,\"startCol\":1,\"endRow\":1,\"endCol\":1,\"visible\":false},{\"alias\":\"s\",\"startRow\":1,\"startCol\":1,\"endRow\":1,\"endCol\":1,\"visible\":false},{\"alias\":\"m\",\"startRow\":1,\"startCol\":1,\"endRow\":1,\"endCol\":1,\"visible\":false},{\"alias\":\"l\",\"startRow\":1,\"startCol\":1,\"endRow\":1,\"endCol\":1,\"visible\":false},{\"alias\":\"xl\",\"startRow\":1,\"startCol\":1,\"endRow\":1,\"endCol\":1,\"visible\":false}],\"data\":[{\"componentId\":\"emotion-components-category-teaser\",\"fieldId\":\"image_type\",\"value\":\"selected_image\",\"key\":\"image_type\",\"valueType\":\"\"},{\"componentId\":\"emotion-components-category-teaser\",\"fieldId\":\"image\",\"value\":\"a5771bce93e200c36f7cd9dfd0e5deaa\",\"key\":\"image\",\"valueType\":\"\"},{\"componentId\":\"emotion-components-category-teaser\",\"fieldId\":\"category_selection\",\"value\":\"27\",\"key\":\"category_selection\",\"valueType\":\"\"},{\"componentId\":\"emotion-components-category-teaser\",\"fieldId\":\"blog_category\",\"value\":\"\",\"key\":\"blog_category\",\"valueType\":\"\"}],\"syncKey\":\"preset-element-5f982473a0cc68.29980778\"},{\"componentId\":\"emotion-components-html-element\",\"startRow\":1,\"startCol\":1,\"endRow\":1,\"endCol\":1,\"cssClass\":\"\",\"viewports\":[{\"alias\":\"xs\",\"startRow\":1,\"startCol\":1,\"endRow\":1,\"endCol\":1,\"visible\":false},{\"alias\":\"s\",\"startRow\":1,\"startCol\":1,\"endRow\":1,\"endCol\":1,\"visible\":false},{\"alias\":\"m\",\"startRow\":1,\"startCol\":1,\"endRow\":1,\"endCol\":1,\"visible\":false},{\"alias\":\"l\",\"startRow\":1,\"startCol\":1,\"endRow\":1,\"endCol\":1,\"visible\":false},{\"alias\":\"xl\",\"startRow\":1,\"startCol\":1,\"endRow\":1,\"endCol\":1,\"visible\":false}],\"data\":[{\"componentId\":\"emotion-components-html-element\",\"fieldId\":\"text\",\"value\":\"<p style=\\\"box-sizing: border-box; margin: 0px 0px 9px; font-family: Roboto, Arial, sans-serif;\\\">Schauen Sie sich um und w\\u00e4hlen Sie aus unserem gro\\u00dfen Sortiment von professionellen Schleifmittel und Zubeh\\u00f6r zu g\\u00fcnstigen Preisen aus.&nbsp; Auf valondo.de k\\u00f6nnen Sie rund um die Uhr in unserem Angebot st\\u00f6bern, unkompliziert Ihre Bestellung aufgeben und wir senden Ihnen umgehend die Lieferung zu Ihnen nach Hause. Beste Qualit\\u00e4t und bester Service f\\u00fcr zufriedene Kunden.<\\\/p>\",\"key\":\"text\",\"valueType\":\"\"},{\"componentId\":\"emotion-components-html-element\",\"fieldId\":\"cms_title\",\"value\":\"Willkommen bei Valondo.de\",\"key\":\"cms_title\",\"valueType\":\"\"},{\"componentId\":\"emotion-components-html-element\",\"fieldId\":\"needsNoStyling\",\"value\":\"\",\"key\":\"needsNoStyling\",\"valueType\":\"\"}],\"syncKey\":\"preset-element-5f982473a0cd29.25894097\"},{\"componentId\":\"emotion-components-article-slider\",\"startRow\":1,\"startCol\":1,\"endRow\":1,\"endCol\":1,\"cssClass\":\"\",\"viewports\":[{\"alias\":\"xs\",\"startRow\":1,\"startCol\":1,\"endRow\":1,\"endCol\":1,\"visible\":false},{\"alias\":\"s\",\"startRow\":1,\"startCol\":1,\"endRow\":1,\"endCol\":1,\"visible\":false},{\"alias\":\"m\",\"startRow\":1,\"startCol\":1,\"endRow\":1,\"endCol\":1,\"visible\":false},{\"alias\":\"l\",\"startRow\":1,\"startCol\":1,\"endRow\":1,\"endCol\":1,\"visible\":false},{\"alias\":\"xl\",\"startRow\":1,\"startCol\":1,\"endRow\":1,\"endCol\":1,\"visible\":false}],\"data\":[{\"componentId\":\"emotion-components-article-slider\",\"fieldId\":\"article_slider_type\",\"value\":\"selected_article\",\"key\":\"article_slider_type\",\"valueType\":\"\"},{\"componentId\":\"emotion-components-article-slider\",\"fieldId\":\"article_slider_stream\",\"value\":null,\"key\":\"article_slider_stream\",\"valueType\":\"\"},{\"componentId\":\"emotion-components-article-slider\",\"fieldId\":\"article_slider_category\",\"value\":\"9\",\"key\":\"article_slider_category\",\"valueType\":\"\"},{\"componentId\":\"emotion-components-article-slider\",\"fieldId\":\"article_slider_max_number\",\"value\":\"12\",\"key\":\"article_slider_max_number\",\"valueType\":\"\"},{\"componentId\":\"emotion-components-article-slider\",\"fieldId\":\"article_slider_title\",\"value\":\"Unsere Topseller\",\"key\":\"article_slider_title\",\"valueType\":\"\"},{\"componentId\":\"emotion-components-article-slider\",\"fieldId\":\"article_slider_arrows\",\"value\":\"1\",\"key\":\"article_slider_arrows\",\"valueType\":\"\"},{\"componentId\":\"emotion-components-article-slider\",\"fieldId\":\"article_slider_scrollspeed\",\"value\":\"500\",\"key\":\"article_slider_scrollspeed\",\"valueType\":\"\"},{\"componentId\":\"emotion-components-article-slider\",\"fieldId\":\"article_slider_rotation\",\"value\":\"\",\"key\":\"article_slider_rotation\",\"valueType\":\"\"},{\"componentId\":\"emotion-components-article-slider\",\"fieldId\":\"article_slider_rotatespeed\",\"value\":\"5000\",\"key\":\"article_slider_rotatespeed\",\"valueType\":\"\"},{\"componentId\":\"emotion-components-article-slider\",\"fieldId\":\"no_border\",\"value\":\"\",\"key\":\"no_border\",\"valueType\":\"\"},{\"componentId\":\"emotion-components-article-slider\",\"fieldId\":\"selected_articles\",\"value\":\"|WOB0542-05|39229-010|14252-01|WOB0007-05E|WOB0218-005E|WOB0641|WOB0297-001|WOB0565-10E|WOB0489|WOB0422-02|WOB0772|37412-010|\",\"key\":\"selected_articles\",\"valueType\":\"\"},{\"componentId\":\"emotion-components-article-slider\",\"fieldId\":\"selected_variants\",\"value\":null,\"key\":\"selected_variants\",\"valueType\":\"\"}],\"syncKey\":\"preset-element-5f982473a0cec4.98048175\"},{\"componentId\":\"emotion-components-html-element\",\"startRow\":1,\"startCol\":1,\"endRow\":1,\"endCol\":1,\"cssClass\":\"\",\"viewports\":[{\"alias\":\"xs\",\"startRow\":1,\"startCol\":1,\"endRow\":7,\"endCol\":7,\"visible\":true},{\"alias\":\"s\",\"startRow\":1,\"startCol\":1,\"endRow\":6,\"endCol\":7,\"visible\":true},{\"alias\":\"m\",\"startRow\":1,\"startCol\":1,\"endRow\":5,\"endCol\":7,\"visible\":true},{\"alias\":\"l\",\"startRow\":1,\"startCol\":1,\"endRow\":5,\"endCol\":4,\"visible\":true},{\"alias\":\"xl\",\"startRow\":1,\"startCol\":1,\"endRow\":5,\"endCol\":4,\"visible\":true}],\"data\":[{\"componentId\":\"emotion-components-html-element\",\"fieldId\":\"text\",\"value\":\"<p>&nbsp;<strong style=\\\"color: #f5ce05; font-size: x-large;\\\">Willkomen bei Valondo.de<\\\/strong><\\\/p>\\n<p>Schauen Sie sich um und w\\u00e4hlen Sie aus unserem gro\\u00dfen Sortiment von professionellen Schleifmittel und Zubeh\\u00f6r zu g\\u00fcnstigen Preisen aus. Auf valondo.de k\\u00f6nnen Sie rund um die Uhr in unserem Angebot st\\u00f6bern, unkompliziert Ihre Bestellung aufgeben und wir senden Ihnen umgehend die Lieferung zu Ihnen nach Hause. Beste Qualit\\u00e4t und bester Service f\\u00fcr zufriedene Kunden.<\\\/p>\",\"key\":\"text\",\"valueType\":\"\"},{\"componentId\":\"emotion-components-html-element\",\"fieldId\":\"cms_title\",\"value\":\"\",\"key\":\"cms_title\",\"valueType\":\"\"},{\"componentId\":\"emotion-components-html-element\",\"fieldId\":\"needsNoStyling\",\"value\":\"\",\"key\":\"needsNoStyling\",\"valueType\":\"\"}],\"syncKey\":\"preset-element-5f982473a0cf81.94293331\"},{\"componentId\":\"emotion-components-html-element\",\"startRow\":1,\"startCol\":1,\"endRow\":1,\"endCol\":1,\"cssClass\":\"home-top-image-wrap\",\"viewports\":[{\"alias\":\"xs\",\"startRow\":12,\"startCol\":1,\"endRow\":14,\"endCol\":7,\"visible\":true},{\"alias\":\"s\",\"startRow\":11,\"startCol\":1,\"endRow\":13,\"endCol\":7,\"visible\":true},{\"alias\":\"m\",\"startRow\":10,\"startCol\":1,\"endRow\":12,\"endCol\":7,\"visible\":true},{\"alias\":\"l\",\"startRow\":4,\"startCol\":5,\"endRow\":6,\"endCol\":7,\"visible\":true},{\"alias\":\"xl\",\"startRow\":4,\"startCol\":5,\"endRow\":6,\"endCol\":7,\"visible\":true}],\"data\":[{\"componentId\":\"emotion-components-html-element\",\"fieldId\":\"text\",\"value\":\"<p><img id=\\\"tinymce-editor-image-605b79ae-8e6b-4a57-b2a5-98122f0a13ea\\\" class=\\\"tinymce-editor-image tinymce-editor-image-605b79ae-8e6b-4a57-b2a5-98122f0a13ea\\\" src=\\\"{media path='media\\\/image\\\/pr-sprite.png'}\\\" alt=\\\"pr-sprite\\\" data-src=\\\"media\\\/image\\\/pr-sprite.png\\\"><\\\/p>\",\"key\":\"text\",\"valueType\":\"\"},{\"componentId\":\"emotion-components-html-element\",\"fieldId\":\"cms_title\",\"value\":\"\",\"key\":\"cms_title\",\"valueType\":\"\"},{\"componentId\":\"emotion-components-html-element\",\"fieldId\":\"needsNoStyling\",\"value\":\"\",\"key\":\"needsNoStyling\",\"valueType\":\"\"}],\"syncKey\":\"preset-element-5f982473a0d047.69834097\"},{\"componentId\":\"emotion-components-html-code\",\"startRow\":1,\"startCol\":1,\"endRow\":1,\"endCol\":1,\"cssClass\":\"home-top-title\",\"viewports\":[{\"alias\":\"xs\",\"startRow\":8,\"startCol\":1,\"endRow\":8,\"endCol\":7,\"visible\":true},{\"alias\":\"s\",\"startRow\":7,\"startCol\":1,\"endRow\":7,\"endCol\":7,\"visible\":true},{\"alias\":\"m\",\"startRow\":6,\"startCol\":1,\"endRow\":6,\"endCol\":7,\"visible\":true},{\"alias\":\"l\",\"startRow\":6,\"startCol\":1,\"endRow\":6,\"endCol\":4,\"visible\":true},{\"alias\":\"xl\",\"startRow\":6,\"startCol\":1,\"endRow\":6,\"endCol\":4,\"visible\":true}],\"data\":[{\"componentId\":\"emotion-components-html-code\",\"fieldId\":\"javascript\",\"value\":\"\",\"key\":\"javascript\",\"valueType\":\"\"},{\"componentId\":\"emotion-components-html-code\",\"fieldId\":\"smarty\",\"value\":\"<h3>Beste Qualitat und bester Service fur zufriedene Kunden<\\\/h3>\",\"key\":\"smarty\",\"valueType\":\"\"}],\"syncKey\":\"preset-element-5f982473a0d0f8.18266485\"},{\"componentId\":\"emotion-components-html-element\",\"startRow\":1,\"startCol\":1,\"endRow\":1,\"endCol\":1,\"cssClass\":\"home-top-link-wrap\",\"viewports\":[{\"alias\":\"xs\",\"startRow\":9,\"startCol\":1,\"endRow\":11,\"endCol\":7,\"visible\":true},{\"alias\":\"s\",\"startRow\":8,\"startCol\":1,\"endRow\":10,\"endCol\":7,\"visible\":true},{\"alias\":\"m\",\"startRow\":7,\"startCol\":1,\"endRow\":9,\"endCol\":7,\"visible\":true},{\"alias\":\"l\",\"startRow\":1,\"startCol\":5,\"endRow\":3,\"endCol\":7,\"visible\":true},{\"alias\":\"xl\",\"startRow\":1,\"startCol\":5,\"endRow\":3,\"endCol\":7,\"visible\":true}],\"data\":[{\"componentId\":\"emotion-components-html-element\",\"fieldId\":\"text\",\"value\":\"<p style=\\\"text-align: center;\\\">&nbsp;<\\\/p>\\n<p style=\\\"text-align: center;\\\"><a href=\\\"#\\\">zum Sortiment<\\\/a><\\\/p>\",\"key\":\"text\",\"valueType\":\"\"},{\"componentId\":\"emotion-components-html-element\",\"fieldId\":\"cms_title\",\"value\":\"\",\"key\":\"cms_title\",\"valueType\":\"\"},{\"componentId\":\"emotion-components-html-element\",\"fieldId\":\"needsNoStyling\",\"value\":\"\",\"key\":\"needsNoStyling\",\"valueType\":\"\"}],\"syncKey\":\"preset-element-5f982473a0d1c7.75074112\"}],\"syncData\":{\"assets\":{\"39059724f73a9969845dfe4146c5660e\":\"images\\\/teaser-elektrische-bauteile-final.jpg\",\"7f100b7b36092fb9b06dfb4fac360931\":\"images\\\/teaser-schleifmittel-final.jpg\",\"a5771bce93e200c36f7cd9dfd0e5deaa\":\"images\\\/teaser-led-technik.jpg\"}}}"}