{"requiredPlugins":[],"emotionTranslations":"[]","presetData":"{\"showListing\":false,\"templateId\":1,\"active\":false,\"name\":\"Middle section\",\"position\":1,\"device\":\"0,1,2,3,4\",\"fullscreen\":1,\"isLandingPage\":0,\"seoTitle\":\"\",\"seoKeywords\":\"\",\"seoDescription\":\"\",\"rows\":28,\"cols\":12,\"cellSpacing\":0,\"cellHeight\":92,\"articleHeight\":2,\"mode\":\"fluid\",\"customerStreamIds\":null,\"replacement\":null,\"elements\":[{\"componentId\":\"emotion-components-html-element\",\"startRow\":1,\"startCol\":1,\"endRow\":1,\"endCol\":1,\"cssClass\":\"grey-bg\",\"viewports\":[{\"alias\":\"xs\",\"startRow\":1,\"startCol\":1,\"endRow\":3,\"endCol\":12,\"visible\":true},{\"alias\":\"s\",\"startRow\":1,\"startCol\":1,\"endRow\":2,\"endCol\":12,\"visible\":true},{\"alias\":\"m\",\"startRow\":1,\"startCol\":1,\"endRow\":2,\"endCol\":12,\"visible\":true},{\"alias\":\"l\",\"startRow\":1,\"startCol\":1,\"endRow\":2,\"endCol\":6,\"visible\":true},{\"alias\":\"xl\",\"startRow\":1,\"startCol\":1,\"endRow\":2,\"endCol\":6,\"visible\":true}],\"data\":[{\"componentId\":\"emotion-components-html-element\",\"fieldId\":\"text\",\"value\":\"<p>&nbsp;<\\\/p>\\n<p><strong><span style=\\\"color: #f5ce05; font-size: x-large;\\\">Lorem ipsum<\\\/span><\\\/strong><\\\/p>\\n<p><span style=\\\"font-size: medium;\\\"><strong>Lorem Ipsum is simply dummy text of the printing and typesetting industry. Lorem Ipsum has been the industry's standard.<\\\/strong><\\\/span><\\\/p>\",\"key\":\"text\",\"valueType\":\"\"},{\"componentId\":\"emotion-components-html-element\",\"fieldId\":\"cms_title\",\"value\":\"\",\"key\":\"cms_title\",\"valueType\":\"\"},{\"componentId\":\"emotion-components-html-element\",\"fieldId\":\"needsNoStyling\",\"value\":\"\",\"key\":\"needsNoStyling\",\"valueType\":\"\"}],\"syncKey\":\"preset-element-5f98247cba6c37.73637920\"},{\"componentId\":\"emotion-components-html-element\",\"startRow\":1,\"startCol\":1,\"endRow\":1,\"endCol\":1,\"cssClass\":\"grey-bg no-margin\",\"viewports\":[{\"alias\":\"xs\",\"startRow\":6,\"startCol\":1,\"endRow\":7,\"endCol\":12,\"visible\":true},{\"alias\":\"s\",\"startRow\":3,\"startCol\":4,\"endRow\":4,\"endCol\":12,\"visible\":true},{\"alias\":\"m\",\"startRow\":5,\"startCol\":1,\"endRow\":6,\"endCol\":4,\"visible\":true},{\"alias\":\"l\",\"startRow\":3,\"startCol\":2,\"endRow\":4,\"endCol\":4,\"visible\":true},{\"alias\":\"xl\",\"startRow\":3,\"startCol\":2,\"endRow\":4,\"endCol\":4,\"visible\":true}],\"data\":[{\"componentId\":\"emotion-components-html-element\",\"fieldId\":\"text\",\"value\":\"<p><strong><span style=\\\"color: #8b9cab; font-size: medium;\\\">Markenwelt<\\\/span><\\\/strong><\\\/p>\\n<p><span style=\\\"color: #5f7285; font-family: 'Open Sans', 'Helvetica Neue', Helvetica, Arial, 'Lucida Grande', sans-serif; font-size: 14px;\\\">Entdecken Sie die Marken im<br> Valondo Online-Shop<\\\/span><\\\/p>\\n<p><span style=\\\"color: #c0c0c0;\\\"><a href=\\\"#\\\"><span style=\\\"color: #c0c0c0; font-family: 'Open Sans', 'Helvetica Neue', Helvetica, Arial, 'Lucida Grande', sans-serif; font-size: 14px;\\\">jetzt entdecken -&gt;<\\\/span><\\\/a><\\\/span><\\\/p>\",\"key\":\"text\",\"valueType\":\"\"},{\"componentId\":\"emotion-components-html-element\",\"fieldId\":\"cms_title\",\"value\":\"\",\"key\":\"cms_title\",\"valueType\":\"\"},{\"componentId\":\"emotion-components-html-element\",\"fieldId\":\"needsNoStyling\",\"value\":\"\",\"key\":\"needsNoStyling\",\"valueType\":\"\"}],\"syncKey\":\"preset-element-5f98247cba6d59.04772976\"},{\"componentId\":\"emotion-components-html-element\",\"startRow\":1,\"startCol\":1,\"endRow\":1,\"endCol\":1,\"cssClass\":\"grey-bg\",\"viewports\":[{\"alias\":\"xs\",\"startRow\":4,\"startCol\":5,\"endRow\":5,\"endCol\":8,\"visible\":true},{\"alias\":\"s\",\"startRow\":3,\"startCol\":1,\"endRow\":4,\"endCol\":3,\"visible\":true},{\"alias\":\"m\",\"startRow\":3,\"startCol\":2,\"endRow\":4,\"endCol\":3,\"visible\":true},{\"alias\":\"l\",\"startRow\":3,\"startCol\":1,\"endRow\":4,\"endCol\":1,\"visible\":true},{\"alias\":\"xl\",\"startRow\":3,\"startCol\":1,\"endRow\":4,\"endCol\":1,\"visible\":true}],\"data\":[{\"componentId\":\"emotion-components-html-element\",\"fieldId\":\"text\",\"value\":\"<p><img id=\\\"tinymce-editor-image-ca3bd527-5945-4e9d-97a1-0c2855939f95\\\" class=\\\"tinymce-editor-image tinymce-editor-image-ca3bd527-5945-4e9d-97a1-0c2855939f95\\\" src=\\\"{media path='media\\\/vector\\\/markenwelt-64x64.svg'}\\\" alt=\\\"713617_world_512x512\\\" data-src=\\\"media\\\/vector\\\/markenwelt-64x64.svg\\\"><\\\/p>\",\"key\":\"text\",\"valueType\":\"\"},{\"componentId\":\"emotion-components-html-element\",\"fieldId\":\"cms_title\",\"value\":\"\",\"key\":\"cms_title\",\"valueType\":\"\"},{\"componentId\":\"emotion-components-html-element\",\"fieldId\":\"needsNoStyling\",\"value\":\"\",\"key\":\"needsNoStyling\",\"valueType\":\"\"}],\"syncKey\":\"preset-element-5f98247cba6e43.63882188\"},{\"componentId\":\"emotion-components-html-element\",\"startRow\":1,\"startCol\":1,\"endRow\":1,\"endCol\":1,\"cssClass\":\"grey-bg\",\"viewports\":[{\"alias\":\"xs\",\"startRow\":8,\"startCol\":5,\"endRow\":9,\"endCol\":8,\"visible\":true},{\"alias\":\"s\",\"startRow\":5,\"startCol\":1,\"endRow\":6,\"endCol\":3,\"visible\":true},{\"alias\":\"m\",\"startRow\":3,\"startCol\":6,\"endRow\":4,\"endCol\":7,\"visible\":true},{\"alias\":\"l\",\"startRow\":3,\"startCol\":5,\"endRow\":4,\"endCol\":5,\"visible\":true},{\"alias\":\"xl\",\"startRow\":3,\"startCol\":5,\"endRow\":4,\"endCol\":5,\"visible\":true}],\"data\":[{\"componentId\":\"emotion-components-html-element\",\"fieldId\":\"text\",\"value\":\"<p><img id=\\\"tinymce-editor-image-38557d05-2564-4991-a44c-810e3baaa686\\\" class=\\\"tinymce-editor-image tinymce-editor-image-38557d05-2564-4991-a44c-810e3baaa686\\\" src=\\\"{media path='media\\\/vector\\\/restposten-64x64.svg'}\\\" alt=\\\"icon\\\" data-src=\\\"media\\\/vector\\\/restposten-64x64.svg\\\"><\\\/p>\",\"key\":\"text\",\"valueType\":\"\"},{\"componentId\":\"emotion-components-html-element\",\"fieldId\":\"cms_title\",\"value\":\"\",\"key\":\"cms_title\",\"valueType\":\"\"},{\"componentId\":\"emotion-components-html-element\",\"fieldId\":\"needsNoStyling\",\"value\":\"\",\"key\":\"needsNoStyling\",\"valueType\":\"\"}],\"syncKey\":\"preset-element-5f98247cba6f12.09348687\"},{\"componentId\":\"emotion-components-html-element\",\"startRow\":1,\"startCol\":1,\"endRow\":1,\"endCol\":1,\"cssClass\":\"grey-bg no-margin\",\"viewports\":[{\"alias\":\"xs\",\"startRow\":10,\"startCol\":1,\"endRow\":11,\"endCol\":12,\"visible\":true},{\"alias\":\"s\",\"startRow\":5,\"startCol\":4,\"endRow\":6,\"endCol\":12,\"visible\":true},{\"alias\":\"m\",\"startRow\":5,\"startCol\":5,\"endRow\":6,\"endCol\":8,\"visible\":true},{\"alias\":\"l\",\"startRow\":3,\"startCol\":6,\"endRow\":4,\"endCol\":8,\"visible\":true},{\"alias\":\"xl\",\"startRow\":3,\"startCol\":6,\"endRow\":4,\"endCol\":8,\"visible\":true}],\"data\":[{\"componentId\":\"emotion-components-html-element\",\"fieldId\":\"text\",\"value\":\"<p><strong><span style=\\\"color: #8b9cab; font-family: 'Open Sans', 'Helvetica Neue', Helvetica, Arial, 'Lucida Grande', sans-serif; font-size: medium;\\\">Sale<\\\/span><\\\/strong><\\\/p>\\n<p><span style=\\\"color: #5f7285; font-family: 'Open Sans', 'Helvetica Neue', Helvetica, Arial, 'Lucida Grande', sans-serif; font-size: 14px;\\\">Jetzt zu unseren reduzierten<br>Angeboten.<\\\/span><\\\/p>\\n<p><span style=\\\"color: #5f7285; font-family: 'Open Sans', 'Helvetica Neue', Helvetica, Arial, 'Lucida Grande', sans-serif; font-size: 14px;\\\"><a style=\\\"font-family: Arial, 'Helvetica Neue', Helvetica, sans-serif; font-size: 13px;\\\" href=\\\"#\\\"><span style=\\\"color: #c0c0c0; font-family: 'Open Sans', 'Helvetica Neue', Helvetica, Arial, 'Lucida Grande', sans-serif; font-size: 14px;\\\">jetzt entdecken -&gt;<\\\/span><\\\/a><\\\/span><\\\/p>\",\"key\":\"text\",\"valueType\":\"\"},{\"componentId\":\"emotion-components-html-element\",\"fieldId\":\"cms_title\",\"value\":\"\",\"key\":\"cms_title\",\"valueType\":\"\"},{\"componentId\":\"emotion-components-html-element\",\"fieldId\":\"needsNoStyling\",\"value\":\"\",\"key\":\"needsNoStyling\",\"valueType\":\"\"}],\"syncKey\":\"preset-element-5f98247cba7008.38895773\"},{\"componentId\":\"emotion-components-html-element\",\"startRow\":1,\"startCol\":1,\"endRow\":1,\"endCol\":1,\"cssClass\":\"grey-bg\",\"viewports\":[{\"alias\":\"xs\",\"startRow\":12,\"startCol\":5,\"endRow\":13,\"endCol\":8,\"visible\":true},{\"alias\":\"s\",\"startRow\":7,\"startCol\":1,\"endRow\":8,\"endCol\":3,\"visible\":true},{\"alias\":\"m\",\"startRow\":3,\"startCol\":10,\"endRow\":4,\"endCol\":11,\"visible\":true},{\"alias\":\"l\",\"startRow\":3,\"startCol\":9,\"endRow\":4,\"endCol\":9,\"visible\":true},{\"alias\":\"xl\",\"startRow\":3,\"startCol\":9,\"endRow\":4,\"endCol\":9,\"visible\":true}],\"data\":[{\"componentId\":\"emotion-components-html-element\",\"fieldId\":\"text\",\"value\":\"<p><img id=\\\"tinymce-editor-image-6b1e6087-4ac9-4ded-aff0-f8f7d048d3ed\\\" class=\\\"tinymce-editor-image tinymce-editor-image-6b1e6087-4ac9-4ded-aff0-f8f7d048d3ed\\\" src=\\\"{media path='media\\\/vector\\\/entsorgung-64x64.svg'}\\\" alt=\\\"delete-512\\\" data-src=\\\"media\\\/vector\\\/entsorgung-64x64.svg\\\"><\\\/p>\",\"key\":\"text\",\"valueType\":\"\"},{\"componentId\":\"emotion-components-html-element\",\"fieldId\":\"cms_title\",\"value\":\"\",\"key\":\"cms_title\",\"valueType\":\"\"},{\"componentId\":\"emotion-components-html-element\",\"fieldId\":\"needsNoStyling\",\"value\":\"\",\"key\":\"needsNoStyling\",\"valueType\":\"\"}],\"syncKey\":\"preset-element-5f98247cba70e7.68003680\"},{\"componentId\":\"emotion-components-html-element\",\"startRow\":1,\"startCol\":1,\"endRow\":1,\"endCol\":1,\"cssClass\":\"grey-bg no-margin\",\"viewports\":[{\"alias\":\"xs\",\"startRow\":14,\"startCol\":1,\"endRow\":15,\"endCol\":12,\"visible\":true},{\"alias\":\"s\",\"startRow\":7,\"startCol\":4,\"endRow\":8,\"endCol\":12,\"visible\":true},{\"alias\":\"m\",\"startRow\":5,\"startCol\":9,\"endRow\":6,\"endCol\":12,\"visible\":true},{\"alias\":\"l\",\"startRow\":3,\"startCol\":10,\"endRow\":4,\"endCol\":12,\"visible\":true},{\"alias\":\"xl\",\"startRow\":3,\"startCol\":10,\"endRow\":4,\"endCol\":12,\"visible\":true}],\"data\":[{\"componentId\":\"emotion-components-html-element\",\"fieldId\":\"text\",\"value\":\"<p><span style=\\\"color: #8b9cab; font-size: medium;\\\"><strong>Umwelt und Ensorgung<\\\/strong><\\\/span><\\\/p>\\n<p><span style=\\\"color: #5f7285; font-family: 'Open Sans', 'Helvetica Neue', Helvetica, Arial, 'Lucida Grande', sans-serif; font-size: 14px;\\\">Erfahren Sie mehr \\u00fcber die<br>Verpackungsverordnung<\\\/span><\\\/p>\\n<p><span style=\\\"color: #5f7285; font-family: 'Open Sans', 'Helvetica Neue', Helvetica, Arial, 'Lucida Grande', sans-serif; font-size: 14px;\\\"><a style=\\\"font-family: Arial, 'Helvetica Neue', Helvetica, sans-serif; font-size: 13px;\\\" href=\\\"#\\\"><span style=\\\"color: #c0c0c0; font-family: 'Open Sans', 'Helvetica Neue', Helvetica, Arial, 'Lucida Grande', sans-serif; font-size: 14px;\\\">jetzt entdecken -&gt;<\\\/span><\\\/a><\\\/span><\\\/p>\",\"key\":\"text\",\"valueType\":\"\"},{\"componentId\":\"emotion-components-html-element\",\"fieldId\":\"cms_title\",\"value\":\"\",\"key\":\"cms_title\",\"valueType\":\"\"},{\"componentId\":\"emotion-components-html-element\",\"fieldId\":\"needsNoStyling\",\"value\":\"\",\"key\":\"needsNoStyling\",\"valueType\":\"\"}],\"syncKey\":\"preset-element-5f98247cba71d0.29934782\"},{\"componentId\":\"emotion-components-article-slider\",\"startRow\":1,\"startCol\":1,\"endRow\":1,\"endCol\":1,\"cssClass\":\"grey-bg home-new-slider\",\"viewports\":[{\"alias\":\"xs\",\"startRow\":22,\"startCol\":1,\"endRow\":25,\"endCol\":12,\"visible\":true},{\"alias\":\"s\",\"startRow\":15,\"startCol\":1,\"endRow\":19,\"endCol\":12,\"visible\":true},{\"alias\":\"m\",\"startRow\":7,\"startCol\":7,\"endRow\":10,\"endCol\":12,\"visible\":true},{\"alias\":\"l\",\"startRow\":5,\"startCol\":5,\"endRow\":8,\"endCol\":12,\"visible\":true},{\"alias\":\"xl\",\"startRow\":5,\"startCol\":5,\"endRow\":8,\"endCol\":12,\"visible\":true}],\"data\":[{\"componentId\":\"emotion-components-article-slider\",\"fieldId\":\"article_slider_type\",\"value\":\"selected_article\",\"key\":\"article_slider_type\",\"valueType\":\"\"},{\"componentId\":\"emotion-components-article-slider\",\"fieldId\":\"article_slider_category\",\"value\":\"9\",\"key\":\"article_slider_category\",\"valueType\":\"\"},{\"componentId\":\"emotion-components-article-slider\",\"fieldId\":\"article_slider_stream\",\"value\":null,\"key\":\"article_slider_stream\",\"valueType\":\"\"},{\"componentId\":\"emotion-components-article-slider\",\"fieldId\":\"article_slider_max_number\",\"value\":\"10\",\"key\":\"article_slider_max_number\",\"valueType\":\"\"},{\"componentId\":\"emotion-components-article-slider\",\"fieldId\":\"article_slider_title\",\"value\":\"Unsere Topseller\",\"key\":\"article_slider_title\",\"valueType\":\"\"},{\"componentId\":\"emotion-components-article-slider\",\"fieldId\":\"article_slider_arrows\",\"value\":\"1\",\"key\":\"article_slider_arrows\",\"valueType\":\"\"},{\"componentId\":\"emotion-components-article-slider\",\"fieldId\":\"article_slider_scrollspeed\",\"value\":\"500\",\"key\":\"article_slider_scrollspeed\",\"valueType\":\"\"},{\"componentId\":\"emotion-components-article-slider\",\"fieldId\":\"article_slider_rotation\",\"value\":\"\",\"key\":\"article_slider_rotation\",\"valueType\":\"\"},{\"componentId\":\"emotion-components-article-slider\",\"fieldId\":\"article_slider_rotatespeed\",\"value\":\"5000\",\"key\":\"article_slider_rotatespeed\",\"valueType\":\"\"},{\"componentId\":\"emotion-components-article-slider\",\"fieldId\":\"no_border\",\"value\":\"\",\"key\":\"no_border\",\"valueType\":\"\"},{\"componentId\":\"emotion-components-article-slider\",\"fieldId\":\"selected_articles\",\"value\":\"|FLG0016|WOB0539-05|WOB0271|WOB0177-020|WOB0135-020|WOB0007-05E|WOB0017-05E|\",\"key\":\"selected_articles\",\"valueType\":\"\"},{\"componentId\":\"emotion-components-article-slider\",\"fieldId\":\"selected_variants\",\"value\":null,\"key\":\"selected_variants\",\"valueType\":\"\"}],\"syncKey\":\"preset-element-5f98247cba7370.92947195\"},{\"componentId\":\"emotion-components-manufacturer-slider\",\"startRow\":1,\"startCol\":1,\"endRow\":1,\"endCol\":1,\"cssClass\":\"grey-bg home-new-slider\",\"viewports\":[{\"alias\":\"xs\",\"startRow\":26,\"startCol\":1,\"endRow\":27,\"endCol\":12,\"visible\":true},{\"alias\":\"s\",\"startRow\":20,\"startCol\":1,\"endRow\":21,\"endCol\":12,\"visible\":true},{\"alias\":\"m\",\"startRow\":11,\"startCol\":7,\"endRow\":12,\"endCol\":12,\"visible\":true},{\"alias\":\"l\",\"startRow\":9,\"startCol\":5,\"endRow\":10,\"endCol\":12,\"visible\":true},{\"alias\":\"xl\",\"startRow\":9,\"startCol\":5,\"endRow\":10,\"endCol\":12,\"visible\":true}],\"data\":[{\"componentId\":\"emotion-components-manufacturer-slider\",\"fieldId\":\"manufacturer_type\",\"value\":\"selected_manufacturers\",\"key\":\"manufacturer_type\",\"valueType\":\"\"},{\"componentId\":\"emotion-components-manufacturer-slider\",\"fieldId\":\"manufacturer_category\",\"value\":\"9\",\"key\":\"manufacturer_category\",\"valueType\":\"\"},{\"componentId\":\"emotion-components-manufacturer-slider\",\"fieldId\":\"selected_manufacturers\",\"value\":\"[{\\\"position\\\":0,\\\"name\\\":\\\"INDASA - automatisch angelegt\\\",\\\"supplierId\\\":13,\\\"path\\\":\\\"\\\"},{\\\"position\\\":1,\\\"name\\\":\\\"Woltersberger - automatisch an\\\",\\\"supplierId\\\":9,\\\"path\\\":\\\"\\\"},{\\\"position\\\":2,\\\"name\\\":\\\"fastconLIGHTS\\\",\\\"supplierId\\\":2,\\\"path\\\":\\\"\\\"},{\\\"position\\\":3,\\\"name\\\":\\\"Kreator\\\",\\\"supplierId\\\":7,\\\"path\\\":\\\"\\\"},{\\\"position\\\":4,\\\"name\\\":\\\"BESSEY\\\",\\\"supplierId\\\":6,\\\"path\\\":\\\"\\\"}]\",\"key\":\"selected_manufacturers\",\"valueType\":\"json\"},{\"componentId\":\"emotion-components-manufacturer-slider\",\"fieldId\":\"manufacturer_slider_title\",\"value\":\"Unsere Marken\",\"key\":\"manufacturer_slider_title\",\"valueType\":\"\"},{\"componentId\":\"emotion-components-manufacturer-slider\",\"fieldId\":\"manufacturer_slider_arrows\",\"value\":\"1\",\"key\":\"manufacturer_slider_arrows\",\"valueType\":\"\"},{\"componentId\":\"emotion-components-manufacturer-slider\",\"fieldId\":\"manufacturer_slider_scrollspeed\",\"value\":\"500\",\"key\":\"manufacturer_slider_scrollspeed\",\"valueType\":\"\"},{\"componentId\":\"emotion-components-manufacturer-slider\",\"fieldId\":\"manufacturer_slider_rotation\",\"value\":\"\",\"key\":\"manufacturer_slider_rotation\",\"valueType\":\"\"},{\"componentId\":\"emotion-components-manufacturer-slider\",\"fieldId\":\"manufacturer_slider_rotatespeed\",\"value\":\"5000\",\"key\":\"manufacturer_slider_rotatespeed\",\"valueType\":\"\"},{\"componentId\":\"emotion-components-manufacturer-slider\",\"fieldId\":\"no_border\",\"value\":\"\",\"key\":\"no_border\",\"valueType\":\"\"}],\"syncKey\":\"preset-element-5f98247cba74d7.66884464\"},{\"componentId\":\"emotion-components-html-code\",\"startRow\":1,\"startCol\":1,\"endRow\":1,\"endCol\":1,\"cssClass\":\"home-category-wrap\",\"viewports\":[{\"alias\":\"xs\",\"startRow\":16,\"startCol\":1,\"endRow\":21,\"endCol\":12,\"visible\":true},{\"alias\":\"s\",\"startRow\":9,\"startCol\":1,\"endRow\":14,\"endCol\":12,\"visible\":true},{\"alias\":\"m\",\"startRow\":7,\"startCol\":1,\"endRow\":12,\"endCol\":6,\"visible\":true},{\"alias\":\"l\",\"startRow\":5,\"startCol\":1,\"endRow\":10,\"endCol\":4,\"visible\":true},{\"alias\":\"xl\",\"startRow\":5,\"startCol\":1,\"endRow\":10,\"endCol\":4,\"visible\":true}],\"data\":[{\"componentId\":\"emotion-components-html-code\",\"fieldId\":\"javascript\",\"value\":\"\",\"key\":\"javascript\",\"valueType\":\"\"},{\"componentId\":\"emotion-components-html-code\",\"fieldId\":\"smarty\",\"value\":\"<ul>\\n<li>\\n<img src=\\\"http:\\\/\\\/valondo.paulvetter.de.dedi3943.your-server.de\\\/media\\\/vector\\\/20\\\/52\\\/43\\\/cat-werkzeugzubehoer-64x64.svg\\\" alt=\\\"icon\\\">\\n<a href=\\\"http:\\\/\\\/valondo.paulvetter.de.dedi3943.your-server.de\\\/elektrotechnisches-zubehoer\\\/\\\">Elektrotechnisches Zubeh\\u00f6r<\\\/a>\\n<\\\/li>\\n<li>\\n<img src=\\\"http:\\\/\\\/valondo.paulvetter.de.dedi3943.your-server.de\\\/media\\\/vector\\\/24\\\/a5\\\/0d\\\/cat-zubehoer-64x64.svg\\\" alt=\\\"icon\\\">\\n<a href=\\\"http:\\\/\\\/valondo.paulvetter.de.dedi3943.your-server.de\\\/werkzeugzubehoer\\\/\\\">Werkzeugzubeh\\u00f6r<\\\/a>\\n<\\\/li>\\n<li>\\n<img src=\\\"http:\\\/\\\/valondo.paulvetter.de.dedi3943.your-server.de\\\/media\\\/vector\\\/98\\\/70\\\/dc\\\/cat-schleifmittel.svg\\\" alt=\\\"icon\\\">\\n<a href=\\\"http:\\\/\\\/valondo.paulvetter.de.dedi3943.your-server.de\\\/schleifmittel\\\/\\\">Schleifmittel<\\\/a>\\n<\\\/li>\\n<li>\\n<img src=\\\"http:\\\/\\\/valondo.paulvetter.de.dedi3943.your-server.de\\\/media\\\/vector\\\/d4\\\/be\\\/ff\\\/cat-fassungen-64x64.svg\\\" alt=\\\"icon\\\">\\n<a href=\\\"http:\\\/\\\/valondo.paulvetter.de.dedi3943.your-server.de\\\/fassungen-adapter\\\/\\\">Fassungen & Adapter<\\\/a>\\n<\\\/li>\\n<li>\\n<img src=\\\"http:\\\/\\\/valondo.paulvetter.de.dedi3943.your-server.de\\\/media\\\/vector\\\/0c\\\/ec\\\/9c\\\/cat-klebebaender-64x64.svg\\\" alt=\\\"icon\\\">\\n<a href=\\\"http:\\\/\\\/valondo.paulvetter.de.dedi3943.your-server.de\\\/klebebaender\\\/\\\">Klebeb\\u00e4nder<\\\/a>\\n<\\\/li>\\n<\\\/ul>\",\"key\":\"smarty\",\"valueType\":\"\"}],\"syncKey\":\"preset-element-5f98247cba7588.72075372\"},{\"componentId\":\"emotion-components-html-code\",\"startRow\":1,\"startCol\":1,\"endRow\":1,\"endCol\":1,\"cssClass\":\"\",\"viewports\":[{\"alias\":\"xs\",\"startRow\":1,\"startCol\":1,\"endRow\":1,\"endCol\":1,\"visible\":false},{\"alias\":\"s\",\"startRow\":1,\"startCol\":1,\"endRow\":1,\"endCol\":1,\"visible\":false},{\"alias\":\"m\",\"startRow\":1,\"startCol\":1,\"endRow\":1,\"endCol\":1,\"visible\":false},{\"alias\":\"l\",\"startRow\":11,\"startCol\":1,\"endRow\":12,\"endCol\":12,\"visible\":true},{\"alias\":\"xl\",\"startRow\":11,\"startCol\":1,\"endRow\":12,\"endCol\":12,\"visible\":true}],\"data\":[],\"syncKey\":\"preset-element-5f98247cba7610.10193981\"},{\"componentId\":\"emotion-components-html-code\",\"startRow\":1,\"startCol\":1,\"endRow\":1,\"endCol\":1,\"cssClass\":\"\",\"viewports\":[{\"alias\":\"xs\",\"startRow\":1,\"startCol\":1,\"endRow\":1,\"endCol\":1,\"visible\":false},{\"alias\":\"s\",\"startRow\":1,\"startCol\":1,\"endRow\":1,\"endCol\":1,\"visible\":false},{\"alias\":\"m\",\"startRow\":13,\"startCol\":1,\"endRow\":13,\"endCol\":12,\"visible\":true},{\"alias\":\"l\",\"startRow\":1,\"startCol\":1,\"endRow\":1,\"endCol\":1,\"visible\":false},{\"alias\":\"xl\",\"startRow\":1,\"startCol\":1,\"endRow\":1,\"endCol\":1,\"visible\":false}],\"data\":[],\"syncKey\":\"preset-element-5f98247cba76b2.12435696\"},{\"componentId\":\"emotion-components-html-code\",\"startRow\":1,\"startCol\":1,\"endRow\":1,\"endCol\":1,\"cssClass\":\"\",\"viewports\":[{\"alias\":\"xs\",\"startRow\":1,\"startCol\":1,\"endRow\":1,\"endCol\":1,\"visible\":false},{\"alias\":\"s\",\"startRow\":22,\"startCol\":1,\"endRow\":22,\"endCol\":12,\"visible\":true},{\"alias\":\"m\",\"startRow\":1,\"startCol\":1,\"endRow\":1,\"endCol\":1,\"visible\":false},{\"alias\":\"l\",\"startRow\":1,\"startCol\":1,\"endRow\":1,\"endCol\":1,\"visible\":false},{\"alias\":\"xl\",\"startRow\":1,\"startCol\":1,\"endRow\":1,\"endCol\":1,\"visible\":false}],\"data\":[],\"syncKey\":\"preset-element-5f98247cba7744.67397614\"},{\"componentId\":\"emotion-components-html-code\",\"startRow\":1,\"startCol\":1,\"endRow\":1,\"endCol\":1,\"cssClass\":\"\",\"viewports\":[{\"alias\":\"xs\",\"startRow\":28,\"startCol\":1,\"endRow\":28,\"endCol\":12,\"visible\":true},{\"alias\":\"s\",\"startRow\":1,\"startCol\":1,\"endRow\":1,\"endCol\":1,\"visible\":false},{\"alias\":\"m\",\"startRow\":1,\"startCol\":1,\"endRow\":1,\"endCol\":1,\"visible\":false},{\"alias\":\"l\",\"startRow\":1,\"startCol\":1,\"endRow\":1,\"endCol\":1,\"visible\":false},{\"alias\":\"xl\",\"startRow\":1,\"startCol\":1,\"endRow\":1,\"endCol\":1,\"visible\":false}],\"data\":[],\"syncKey\":\"preset-element-5f98247cba77d7.49863156\"}],\"syncData\":{\"assets\":[]}}"}